,Customer Lifetime Value,Income,Monthly Premium Auto,Months Since Last Claim,Months Since Policy Inception,Number of Open Complaints,Number of Policies,Total Claim Amount
Customer Lifetime Value,1.0,0.028306169237550027,0.40306946989356546,0.01605227218229231,0.016960203510011453,-0.032243121047773965,0.016024000433219363,0.23262600327753125
Income,0.028306169237550027,1.0,-0.00978755164370357,-0.023813505568938735,-0.0059028253780510995,0.007163096043744485,-0.009960298089699223,-0.3541412225098791
Monthly Premium Auto,0.40306946989356546,-0.00978755164370357,1.0,0.00874425868855301,0.018952906832365137,-0.010350081987589594,-0.020504814539015426,0.6317985607757745
Months Since Last Claim,0.01605227218229231,-0.023813505568938735,0.00874425868855301,1.0,-0.03931795821319109,0.0022463531484650306,0.007677502271018965,0.013136760474467086
Months Since Policy Inception,0.016960203510011453,-0.0059028253780510995,0.018952906832365137,-0.03931795821319109,1.0,0.004376497659795822,-0.009123206330895075,0.0030954731210915865
Number of Open Complaints,-0.032243121047773965,0.007163096043744485,-0.010350081987589594,0.0022463531484650306,0.004376497659795822,1.0,0.004098444400143323,-0.011379436171606342
Number of Policies,0.016024000433219363,-0.009960298089699223,-0.020504814539015426,0.007677502271018965,-0.009123206330895075,0.004098444400143323,1.0,-0.008923411247149113
Total Claim Amount,0.23262600327753125,-0.3541412225098791,0.6317985607757745,0.013136760474467086,0.0030954731210915865,-0.011379436171606342,-0.008923411247149113,1.0
